"PROVA Z",""
"Z 01-B","Z 46-E"
"Z 02-D","Z 47-A"
"Z 03-C","Z 48-E"
"Z 04-B","Z 49-B"
"Z 05-E","Z 50-A"
"Z 06-A","Z 51-C"
"Z 07-E","Z 52-B"
"Z 08-C","Z 53-D"
"Z 09-D","Z 54-C"
"Z 10-E","Z 55-A"
"Z 11-C","Z 56-D"
"Z 12-A","Z 57-B"
"Z 13-B","Z 58-B"
"Z 14-E","Z 59-C"
"Z 15-B","Z 60-A"
"Z 16-D","Z 61-E"
"Z 17-A","Z 62-C"
"Z 18-C","Z 63-E"
"Z 19-D","Z 64-A"
"Z 20-C","Z 65-D"
"Z 21-E","Z 66-E"
"Z 22-B","Z 67-A"
"Z 23-D","Z 68-C"
"Z 24-A","Z 69-B"
"Z 25-B","Z 70-C"
"Z 26-C","Z 71-B"
"Z 27-E","Z 72-D"
"Z 28-A","Z 73-E"
"Z 29-D","Z 74-A"
"Z 30-C","Z 75-C"
"Z 31-A","Z 76-B"
"Z 32-E","Z 77-D"
"Z 33-D","Z 78-A"
"Z 34-D","Z 79-D"
"Z 35-C","Z 80-A"
"Z 36-B","Z 81-E"
"Z 37-D","Z 82-E"
"Z 38-B","Z 83-C"
"Z 39-E","Z 84-A"
"Z 40-A","Z 85-D"
"Z 41-C","Z 86-E"
"Z 42-A","Z 87-C"
"Z 43-E","Z 88-B"
"Z 44-D","Z 89-C"
"Z 45-D","Z 90-B"
